"Metric","Value"
"Accuracy",0.66925231631114
"Balanced Accuracy",0.66925231631114
"Sensitivity",0.6819650937298
"Specificity",0.65653953889248
"Precision",0.66505568396722
"F1 Score",0.673404255319149
"AUC",0.718458447307453
"Optimal Threshold",0.529907055187506
